{
  "weightsInputHidden": [
    [
      0.08888145,
      0.7303354,
      0.742887735,
      -0.8286062,
      0.0238038152,
      0.8493424,
      0.8906892
    ],
    [
      -0.0155181512,
      0.28506726,
      -0.742610455,
      -0.244113773,
      0.3929419,
      -0.5117953,
      -0.491155326
    ],
    [
      0.221574634,
      0.0307352766,
      -0.7882738,
      0.8822101,
      0.5231806,
      -0.6711014,
      0.108927473
    ],
    [
      0.7670637,
      0.230221942,
      -0.444530159,
      0.7029274,
      0.17256093,
      -0.49560827,
      -0.409026653
    ],
    [
      0.192157462,
      0.6759488,
      -0.397636473,
      0.6842117,
      -0.4440841,
      0.143508017,
      -0.6705548
    ],
    [
      0.09005288,
      0.193133354,
      -0.9307433,
      0.5643877,
      -1.13174593,
      -0.5955558,
      -0.5500819
    ],
    [
      -0.729773045,
      -1.05815792,
      -0.4568878,
      -0.9900032,
      0.6999432,
      0.4745461,
      0.3479637
    ],
    [
      -0.399426967,
      -0.692226231,
      0.6916001,
      -0.422106564,
      0.948006868,
      0.8798349,
      0.04944703
    ],
    [
      0.291892,
      0.8442928,
      -0.6315772,
      -0.6263255,
      0.519368,
      -0.910338759,
      0.8885283
    ],
    [
      -0.04076045,
      0.24774158,
      -0.437542945,
      -0.2488912,
      0.328699619,
      0.78196764,
      0.3882914
    ],
    [
      0.761141241,
      0.9685368,
      -0.757711947,
      0.478696018,
      -0.6710854,
      -0.9957086,
      0.8837115
    ]
  ],
  "weightsHiddenOutput": [
    [
      0.254351944,
      0.70232743,
      -0.007743153,
      0.3953706
    ],
    [
      0.0835353956,
      -0.006989777,
      0.1871326,
      0.351033151
    ],
    [
      0.7985647,
      -0.119441181,
      0.683272,
      0.5670153
    ],
    [
      -0.533612132,
      -0.3900052,
      0.5323903,
      0.8315574
    ],
    [
      -0.8554658,
      0.237931669,
      -0.28998515,
      0.479353
    ],
    [
      -0.3115939,
      -0.7986258,
      -0.9380776,
      0.265415817
    ],
    [
      -0.627669334,
      -0.7387985,
      0.5930002,
      0.279301465
    ]
  ]
}